<?xml version="1.0" encoding="UTF-8"?>
<beans 
 xmlns="http://www.springframework.org/schema/beans" 
 xmlns:xsi="http://www.w3.org/2001/XMLSchema-instance" 
 xmlns:p="http://www.springframework.org/schema/p" 
 xsi:schemaLocation="http://www.springframework.org/schema/beans 
 http://www.springframework.org/schema/beans/spring-beans-3.0.xsd">
<bean id="mobile" class="com.mobileapplication.Mobile">
<constructor-arg index="0" value="Samsung"></constructor-arg>
<constructor-arg value="M30"></constructor-arg>
</bean>
<bean id="mobileS" class="com.mobileapplication.MobileStore">
<constructor-arg value="101"></constructor-arg>
<constructor-arg>
<ref bean="mobile"/>
</constructor-arg>
<constructor-arg value="20000"></constructor-arg>
</bean>
</beans>