<?xml version="1.0" encoding="UTF-8"?>
<beans 
 xmlns="http://www.springframework.org/schema/beans" 
 xmlns:xsi="http://www.w3.org/2001/XMLSchema-instance" 
 xmlns:p="http://www.springframework.org/schema/p" 
 xsi:schemaLocation="http://www.springframework.org/schema/beans 
 http://www.springframework.org/schema/beans/spring-beans-3.0.xsd">
 
 <bean id="dataSource" 
class="org.springframework.jdbc.datasource.DriverManagerDataSource">
 <property name="driverClassName" value="org.postgresql.Driver"/>
 <property name="url" value="jdbc:postgresql://localhost:5432/postgres"/>
 <property name="username" value="postgres"/>
 <property name="password" value="password"/>
 </bean>
 
 <bean id="jdbcT" class="org.springframework.jdbc.core.JdbcTemplate">
 <property name="dataSource" ref="dataSource"/>
 </bean>
 
 <bean id="movieD" class="com.springjdbc.MovieDao">
 <constructor-arg>
 <ref bean="jdbcT"/>
 </constructor-arg>
 </bean>
 
 <bean id="movie" class="com.springjdbc.Movie">
 <property name="mid" value="104"/>
 <property name="mname" value="Pathan"/>
 <property name="duration" value="156"/>
 </bean>
</beans>
